mes;registros;registros_com_valor_nao_zero;valor_pago_centavos;nome_mes;ano_mes;valor_pago_reais
1;31511;4099;63474398843;Janeiro;2024-01;634743988.43
2;34730;9658;56214451502;Fevereiro;2024-02;562144515.02
3;38091;11897;46174798232;Março;2024-03;461747982.32
4;43812;13040;70772609549;Abril;2024-04;707726095.49
5;45260;14978;90326009209;Maio;2024-05;903260092.09
6;52904;16591;81229691861;Junho;2024-06;812296918.61
7;48856;17513;109451740433;Julho;2024-07;1094517404.33
8;42174;16334;84856215994;Agosto;2024-08;848562159.94
9;34895;13756;74554569426;Setembro;2024-09;745545694.26
10;40145;14983;102741294933;Outubro;2024-10;1027412949.33
11;38245;13371;89108690048;Novembro;2024-11;891086900.48
12;55327;19843;164805415832;Dezembro;2024-12;1648054158.32
