posicao;codigo_unidade_gestora;unidade_gestora;registros;registros_com_valor_nao_zero;valor_pago_centavos;valor_pago_reais;participacao_percentual
1;440901;FUNDO ESTADUAL DE SAÚDE;69006;22823;156044375554;1560443755.54;15.095567691497525
2;600210;FUNDO FINANCEIRO;6996;4783;147760204631;1477602046.31;14.294165766614904
3;420101;SECRETARIA DE ESTADO DA EDUCAÇÃO;52027;15826;116525776344;1165257763.44;11.272580241102208
4;800102;ADMINISTRAÇÃO GERAL A CARGO DA SEFAZ;3998;1137;84420511420;844205114.2;8.166750901255298
5;600212;FUNDO DE PROTEÇÃO SOCIAL DOS MILITARES;1498;1241;62332402580;623324025.8;6.029970636105666
6;350201;DEPARTAMENTO DE EDIFICAÇÕES E DE RODOVIAS DO ESTADO DO ESPÍRITO SANTO;11221;3806;56513122400;565131224.0;5.467019632193446
7;450103;POLÍCIA MILITAR DO ESTADO DO ESPÍRITO SANTO;10781;3794;53024497700;530244977.0;5.129533772019934
8;30101;TRIBUNAL DE JUSTIÇA DO ESTADO DO ESPÍRITO SANTO;7118;2934;48447070473;484470704.73;4.686718308067692
9;460101;SECRETARIA DE ESTADO DA JUSTIÇA;19715;5463;24907644989;249076449.89;2.4095392072437978
10;360101;SECRETARIA DE  ESTADO DE SANEAMENTO, HABITAÇÃO E DESENVOLVIMENTO URBANO;3998;1095;20887184168;208871841.68;2.020604083764024
11;50101;MINISTÉRIO PÚBLICO DO ESTADO DO ESPÍRITO SANTO;13312;4679;18850112603;188501126.03;1.8235399371537484
12;450102;POLÍCIA CIVIL DO ESTADO DO ESPÍRITO SANTO;9262;3548;17895564335;178955643.35;1.7311979482596391
13;350101;SECRETARIA DE ESTADO DE MOBILIDADE E INFRAESTRUTURA;2419;865;17422695269;174226952.69;1.685453095427388
14;320901;FUNDO ESTADUAL DE CIÊNCIA E TECNOLOGIA;430;105;11119325625;111193256.25;1.0756717892591023
15;220902;FUNDO SOBERANO DO ESTADO DO ESPÍRITO SANTO;47;15;9194800117;91948001.17;0.8894952290538027
16;220101;SECRETARIA DE ESTADO DA FAZENDA;5369;2217;9168316987;91683169.87;0.8869332790945145
17;10101;ASSEMBLEIA LEGISLATIVA DO ESTADO DO ESPÍRITO SANTO;7481;2360;8995217825;89952178.25;0.8701878494176325
18;480201;INSTITUTO DE ATENDIMENTO SOCIOEDUCATIVO DO ESPÍRITO SANTO;9724;2954;8394780348;83947803.48;0.8121021635581708
19;100906;FUNDO ESTADUAL DE APOIO AO DESENVOLVIMENTO MUNICIPAL;599;139;8101134014;81011340.14;0.7836951280817585
20;450202;DEPARTAMENTO ESTADUAL DE TRÂNSITO;23785;6272;7840634310;78406343.1;0.7584946625001827
21;390101;SECRETARIA DE ESTADO DE ESPORTES E LAZER;6778;2071;7190682293;71906822.93;0.69561899246071
22;310101;SECRETARIA DE ESTADO DA AGRICULTURA, ABASTECIMENTO, AQUICULTURA E PESCA;10380;3114;7134571810;71345718.1;0.6901909237378101
23;20101;TRIBUNAL DE CONTAS DO ESTADO DO ESPÍRITO SANTO;5328;1661;6690918516;66909185.16;0.6472723737589596
24;450104;CORPO DE BOMBEIROS MILITAR DO ESTADO DO ESPÍRIDO SANTO;4031;1264;6418106810;64181068.1;0.6208808581382587
25;30901;FUNDO ESPECIAL DO PODER JUDICIÁRIO DO ESTADO DO ESPÍRITO SANTO;12871;4905;6140921385;61409213.85;0.5940662335718255
26;440910;HOSPITAL INFANTIL NOSSA SENHORA DA GLÓRIA;7663;2653;5098814836;50988148.36;0.493253949269156
27;470901;FUNDO ESTADUAL DE ASSISTÊNCIA SOCIAL;2479;607;4985465802;49854658.02;0.48228868371928857
28;600211;FUNDO PREVIDENCIÁRIO;1720;1215;4682752354;46827523.54;0.45300450523360347
29;440917;HOSPITAL DOUTOR ROBERTO ARNIZAUT SILVARES;4992;1745;4360216647;43602166.47;0.42180274239750165
30;360901;FUNDO  ESTADUAL  DE  HABITAÇÃO  DE  INTERESSE SOCIAL;77;21;4211596460;42115964.6;0.4074253828469478
31;60101;DEFENSORIA PÚBLICA DO ESTADO DO ESPÍRITO SANTO;1049;387;4107779123;41077791.23;0.39738220357393267
32;280203;INSTITUTO DE TECNOLOGIA DA INFORMAÇÃO E COMUNICAÇÃO DO ESPÍRITO SANTO;3099;1185;3933135719;39331357.19;0.38048738556081413
33;440929;SUPERINTENDÊNCIA REGIONAL DE SAÚDE DE VITÓRIA;8358;2247;3576426476;35764264.76;0.34597971103059105
34;100104;SUPERINTENDÊNCIA ESTADUAL DE COMUNICAÇÃO SOCIAL;2632;841;3418636508;34186365.08;0.3307152765738749
35;320101;SECRETARIA DE ESTADO DA CIÊNCIA, TECNOLOGIA, INOVAÇÃO E EDUCAÇÃO PROFISSIONAL;7488;2620;3177109199;31771091.99;0.30735018039908185
36;310202;INSTITUTO CAPIXABA DE PESQUISA, ASSISTÊNCIA TÉCNICA E EXTENSÃO RURAL;5539;1806;3001239645;30012396.45;0.2903367459330523
37;310201;INSTITUTO DE DEFESA AGROPECUÁRIA E FLORESTAL DO ESPÍRITO SANTO;6768;2172;2970738673;29707386.73;0.28738611419225535
38;420901;FUNDO EST. DE APOIO À AMP. E MELH. DAS COND. DE OFERTA DA EDUC. INF. E DO ENS. FUND. NO ES;369;72;2932117906;29321179.06;0.2836499820793469
39;280101;SECRETARIA DE ESTADO DE GESTÃO E RECURSOS HUMANOS;4016;1426;2895657858;28956578.58;0.28012287563500865
40;160101;PROCURADORIA GERAL DO ESTADO;3252;1124;2784650934;27846509.34;0.26938418332701813
41;490203;AGÊNCIA DE DESENVOLVIMENTO DAS MICRO E PEQUENAS EMPRESAS E DO EMPREENDEDORISMO;2270;752;2634231880;26342318.8;0.2548328032872919
42;410201;INSTITUTO ESTADUAL DE MEIO AMBIENTE E RECURSOS HÍDRICOS;7020;2081;2429033778;24290337.78;0.2349821561370146
43;450101;SECRETARIA DE  ESTADO DA SEGURANÇA PÚBLICA E DEFESA SOCIAL;3570;1229;2352392289;23523922.89;0.22756793962924754
44;600201;INSTITUTO DE PREVIDÊNCIA DOS SERVIDORES DO ESTADO DO ESPÍRITO SANTO;4571;1394;2350727505;23507275.05;0.22740689018754548
45;440916;HOSPITAL E MATERNIDADE SILVIO AVIDOS;4008;1361;2249991062;22499910.62;0.21766175333843846
46;460113;POLÍCIA PENAL DO ESPIRITO SANTO;7959;1966;1824137652;18241376.52;0.17646514529353374
47;100109;SECRETARIA DE ESTADO DO GOVERNO;5647;1898;1821692078;18216920.78;0.17622856305383108
48;440928;SUPERINTENDÊNCIA REGIONAL DE SAÚDE DE COLATINA;6189;1909;1806507550;18065075.5;0.17475962789052482
49;400901;FUNDO DE CULTURA DO ESTADO DO ESPÍRITO SANTO;2009;540;1754334843;17543348.43;0.1697124954490571
50;440920;HOSPITAL DOUTORA RITA DE CASSIA;3616;1132;1733062511;17330625.11;0.16765463257177007
51;480101;SECRETARIA DE ESTADO DE DIREITOS HUMANOS;3315;1087;1712574405;17125744.05;0.16567263488748604
52;350901;FUNDO ESPECIAL PARA CONSTRUÇÃO, REFORMA E AMPLIAÇÃO DE EQUIPAMENTOS PÚBLICOS ESTADUAIS;444;165;1491121231;14911212.31;0.14424948928069595
53;410101;SECRETARIA DE ESTADO DE MEIO AMBIENTE E RECURSOS HÍDRICOS;2033;636;1430495820;14304958.2;0.13838465120289764
54;450107;POLICIA CIENTIFICA DO ESTADO DO ESPIRITO SANTO;672;264;1414001871;14140018.71;0.13678904403829692
55;440927;SUPERINTENDÊNCIA REGIONAL DE SAÚDE DE SÃO MATEUS;5399;1764;1413219192;14132191.92;0.1367133285004362
56;450904;FUNDO ESPECIAL DE  REEQUIPAMENTO DO CORPO BOMBEIROS MILITAR DO ESPÍRITO SANTO;706;214;1391600800;13916008.0;0.13462198814511275
57;100103;SECRETARIA DE ESTADO DE CONTROLE E TRANSPARÊNCIA;2064;784;1316284724;13162847.24;0.12733599068778992
58;440926;SUPERINTENDÊNCIA REGIONAL DE SAÚDE DE  CACHOEIRO ITAPEMIRIM;4142;1220;1166495106;11664951.06;0.11284550162033825
59;370101;SECRETARIA DE ESTADO DO TURISMO;2444;748;1151462349;11514623.49;0.1113912486228965
60;60901;FUNDO DE APARELHAMENTO DA DEFENSORIA PÚBLICA;5931;1688;1146718163;11467181.63;0.11093230109178685
61;50902;FUNDO ESPECIAL DO MINISTÉRIO PÚBLICO DO ESPÍRITO SANTO;460;141;1102527428;11025274.28;0.10665733617131984
62;100102;SECRETARIA DA CASA MILITAR;5416;1477;1094953959;10949539.59;0.10592468679806899
63;440923;HOSPITAL JOÃO DOS SANTOS NEVES;2244;758;1047838831;10478388.31;0.10136681919475095
64;400101;SECRETARIA DE ESTADO DA CULTURA;3073;987;1040666567;10406665.67;0.10067298196845616
65;220901;FUNDO DE MODERNIZAÇÃO E DESENVOLVIMENTO FAZENDÁRIO;4685;1352;1037892338;10378923.38;0.10040460599199091
66;450905;FUNDO DE PROTEÇÃO E DEFESA CIVIL DO ESTADO;644;174;953957462;9539574.62;0.09228483494713846
67;450906;FUNDO ESTADUAL DE SEGURANÇA PÚBLICA E DEFESA SOCIAL;442;111;906703319;9067033.19;0.08771351917989151
68;440912;HOSPITAL ADAUTO BOTELHO;2246;774;825577726;8255777.26;0.07986551519835368
69;440922;HOSPITAL SÃO JOSÉ DO CALÇADO;4255;1412;793132627;7931326.27;0.07672681066976687
70;310203;CENTRAIS DE ABASTECIMENTO DO ESPÍRITO SANTO;1748;736;783668458;7836684.58;0.07581125698014457
71;420201;FACULDADE DE MÚSICA DO ESPÍRITO SANTO;1911;777;668737852;6687378.52;0.06469299182936095
72;320202;FUNDAÇÃO DE AMPARO À PESQUISA E INOVAÇÃO DO ESPÍRITO SANTO;1483;518;647956534;6479565.34;0.06268262912661184
73;100201;RÁDIO E TELEVISÃO ESPÍRITO SANTO;2313;774;633278024;6332780.24;0.06126264560891918
74;410902;FUNDO ESTADUAL DE RECURSOS HÍDRICOS E FLORESTAIS DO ESPÍRITO SANTO;67;20;579372817;5793728.17;0.05604791295159831
75;270101;SECRETARIA DE ESTADO DE ECONOMIA E PLANEJAMENTO;1818;551;551014714;5510147.14;0.05330458008926891
76;470101;SECRETARIA DE ESTADO DE TRABALHO, ASSISTÊNCIA E DESENVOLVIMENTO SOCIAL;3071;934;549067740;5490677.4;0.053116231885713086
77;410202;AGÊNCIA ESTADUAL DE RECURSOS HÍDRICOS;2373;746;547769229;5477692.29;0.052990615306268536
78;800101;ADMINISTRAÇÃO GERAL A CARGO DA SEGER;367;271;546559419;5465594.19;0.05287357956765884
79;440913;CENTRO DE REABILITAÇÃO FÍSICA DO ESTADO DO ESPÍRITO SANTO;1961;591;508615687;5086156.87;0.04920294310389328
80;160901;FUNDO DE MODERNIZAÇÃO E INCENTIVO A COBRANÇA DA DÍVIDA ATIVA E DE REESTRUT. ADM. DA PGE;554;184;493691962;4936919.62;0.047759237746702536
81;270201;INSTITUTO JONES DOS SANTOS NEVES;1624;637;469182797;4691827.97;0.04538824707173554
82;310903;FUNDO ESPECIAL DE APOIO AO PROGRAMA ESTADUAL DE DESENVOLVIMENTO RURAL SUSTENTÁVEL;61;36;461978909;4619789.09;0.04469135057316014
83;490204;INSTITUTO DE PESOS E MEDIDAS DO ESTADO DO ESPÍRITO SANTO;2447;855;438421166;4384211.66;0.04241239945523062
84;500101;SECRETARIA ESTADUAL DAS MULHERES;1751;536;424676936;4246769.36;0.04108279719564317
85;220202;JUNTA COMERCIAL DO ESTADO DO ESPIRITO SANTO;2096;791;405884295;4058842.95;0.03926481700052015
86;440911;HOSPITAL DOUTOR DORIO SILVA;582;113;381520751;3815207.51;0.03690791354692848
87;100101;SECRETARIA DA CASA CIVIL;1237;456;373930773;3739307.73;0.036173667110495224
88;280201;ESCOLA DE SERVIÇO PÚBLICO DO ESPÍRITO SANTO;8039;2238;303694697;3036946.97;0.02937910347512563
89;490205;AGÊNCIA DE REGULAÇÃO DE SERVIÇOS PÚBLICOS;1603;574;301016743;3010167.43;0.02912004104023686
90;280202;DEPARTAMENTO DE IMPRENSA OFICIAL;1418;534;287359289;2873592.89;0.02779883339902221
91;440921;UNIDADE INTEGRADA JERÔNIMO MONTEIRO;2392;685;286865799;2868657.99;0.027751093698865574
92;460901;FUNDO ROTATIVO DO SISTEMA PENITENCIÁRIO;475;137;269885349;2698853.49;0.026108422942569168
93;490101;SECRETARIA DE ESTADO DE DESENVOLVIMENTO;1323;444;253855719;2538557.19;0.024557733506467564
94;470904;FUNDO ESTADUAL DE COMBATE E ERRADICAÇÃO DA POBREZA;378;171;234198750;2341987.5;0.0226561391356632
95;220904;FUNDO DE FORTALECIMENTO DA ECONOMIA CAPIXABA;31;9;183198585;1831985.85;0.017722437165939704
96;460202;INSTITUTO ESTADUAL DE PROTEÇÃO E DEFESA DO CONSUMIDOR;872;297;182451746;1824517.46;0.017650188751736216
97;460904;FUNDO ESTADUAL DE DEFESA DO CONSUMIDOR;722;219;176374734;1763747.34;0.0170623050444103
98;450105;DIRETORIA DE SAÚDE DA POLÍCIA MILITAR;1773;641;144734827;1447348.27;0.014001493937470388
99;190101;VICE-GOVERNADORIA DO ESTADO;707;249;144444753;1444447.53;0.013973432485803211
100;440918;CENTRO DE ATENDIMENTO PSIQUIÁTRICO ARISTIDES ALEXANDRE CAMPOS;958;323;137284648;1372846.48;0.013280771508296037
101;280204;ARQUIVO PÚBLICO DO ESTADO DO ESPÍRITO SANTO;793;289;110235228;1102352.28;0.010664039253922388
102;440919;COLONIA PEDRO FONTES;594;205;74587790;745877.9;0.007215543840697819
103;100905;FUNDO ESTADUAL SOBRE DROGAS;171;45;50064509;500645.09;0.004843187598835018
104;370901;FUNDO DE FOMENTO DO TURISMO;139;61;37080032;370800.32;0.0035870830401393853
105;470906;FUNDO ESTADUAL DO TRABALHO DO ESTADO DO ESPÍRITO SANTO;42;6;30079767;300797.67;0.002909884815014301
106;490901;FUNDO DE AVAL DO MICROCRÉDITO DO ESTADO DO ESPÍRITO SANTO;23;7;26159118;261591.18;0.0025306053814302242
107;410901;FUNDO ESTADUAL DO MEIO AMBIENTE;16;2;20835200;208352.0;0.002015575190385815
108;400102;ARQUIVO PÚBLICO DO ESTADO DO ESPÍRITO SANTO;310;99;20610084;206100.84;0.0019937977068695116
109;460903;FUNDO PENITENCIÁRIO ESTADUAL;66;4;6876112;68761.12;0.0006651877953422184
110;390901;FUNDO DE INCENTIVO AO ESPORTE E LAZER DO ESPÍRITO SANTO;39;8;6352144;63521.44;0.000614499685731748
111;450106;COORDENADORIA ESTADUAL DE PROTEÇÃO E DEFESA CIVIL;281;60;2830665;28306.65;0.00027383553535811813
112;450901;FUNDO ESPECIAL DE REEQUIPAMENTO DA POLÍCIA CIVIL;94;5;1646378;16463.78;0.00015926886474797544
113;100904;FUNDO ESTADUAL DE COMBATE A CORRUPÇÃO;32;8;1225097;12250.97;0.00011851458680579457
114;480901;FUNDO PARA A INFÂNCIA E A ADOLESCÊNCIA;8;3;304679;3046.79;2.9474323905292957e-05
115;350903;FUNDO ESTADUAL P/ O FINANC. DE OBRAS E INFRAEST. ESTRATÉGICA P/ O DESENV. DO EST. DO ES;14;4;59645;596.45;5.769994155590633e-06
116;310902;FUNDO SOCIAL DE APOIO A AGRICULTURA FAMILIAR DO ESTADO DO ESPÍRITO SANTO;4;0;0;0.0;0.0
117;450902;FUNDO ESPECIAL DE REEQUIPAMENTO DA POLÍCIA MILITAR;20;0;0;0.0;0.0
